Part ID,Value,Package,Stock Code,Layer,Rotation,X,Y
CN7,1-534236-9,ECE298_REVTRANS38DIL-1,1-534236-9,BOT,0,177.362,1019.69
CN10,1-534236-9,ECE298_REVTRANS38DIL-1,1-534236-9,BOT,0,2577.36,1021.26
U1,ECE298_RS_74HCT541,SO20W,,TOP,0,1033.07,973.228
U2,ECE298_RS_74HCT541,SO20W,,TOP,0,590.945,476.378
J7,TIMER BOARD 7 SEG,CONN-SIL10,,TOP,180,916.929,110.236
J1,ECE298_RS_BENCH_POWER,SIL-100-02R,,TOP,180,565.354,1226.77
J2,ECE298_RS_BENCH_POWER,SIL-100-02R,,TOP,0,599.606,1450
J3,SERVO,SIL-100-03,,TOP,270,1024.02,449.213
RV1,10K,TRIM_3361P,Digikey 3361P-103GLFDKR-ND,TOP,180,2176.77,1271.26
J9,USART TERMINAL,CONN-SIL10,,TOP,90,1851.18,564.961
J10,ECE298_TERMINAL_VIA,PIN,,TOP,180,2261.81,998.819
J11,ECE298_TERMINAL_VIA,PIN,,TOP,0,390.157,1807.09
J12,ECE298_TERMINAL_VIA,PIN,,TOP,0,2154.33,1552.76
J13,ECE298_TERMINAL_VIA,PIN,,TOP,0,2339.76,1552.76
U4,ECE298_RS_CMOS4050,SO16,,TOP,0,1455.91,397.244
J5,BRUSHED DC,SIL-100-02,,TOP,0,2188.58,1789.76
U3,ECE298_RS_L9110,SO8,,TOP,0,1635.83,1181.89
J4,RGB LED,CONN-SIL4,,TOP,0,1476.77,696.85
J6,SPEED SENSOR,CONN-SIL4,,TOP,0,2162.2,814.961
J8,DIST SENSOR,CONN-SIL4,,TOP,180,2154.72,151.969
C1,10u,CAPC2012X100,Digikey PCC2182TR-ND,TOP,270,334.646,1118.11
C2,10u,CAPC2012X100,Digikey PCC2182TR-ND,TOP,90,334.646,1507.87
C3,10u,CAPC2012X100,Digikey PCC2182TR-ND,TOP,270,334.646,952.756
C4,10u,CAPC2012X100,Digikey PCC2182TR-ND,BOT,-90,547.244,929.134
C5,10u,CAPC2012X100,Digikey PCC2182TR-ND,BOT,-90,566.929,1787.4
C6,10000pF,CAPC1005X55,Digikey PCC103BQDKR-ND,BOT,0,1037.4,952.756
C7,10000pF,CAPC1005X55,Digikey PCC103BQDKR-ND,BOT,-270,1098.43,399.606
C8,10000pF,CAPC1005X55,Digikey PCC103BQDKR-ND,BOT,0,1639.76,1228.35
C9,10000pF,CAPC1005X55,Digikey PCC103BQDKR-ND,BOT,180,2033.46,917.323
C10,10000pF,CAPC1005X55,Digikey PCC103BQDKR-ND,BOT,-180,553.15,303.15
C11,10000pF,CAPC1005X55,Digikey PCC103BQDKR-ND,BOT,0,2049.21,232.283
C12,10000pF,CAPC1005X55,Digikey PCC103BQDKR-ND,BOT,90,1437.01,438.976
C13,10000pF,CAPC1005X55,Digikey PCC103BQDKR-ND,BOT,0,1631.89,1141.73
R1,80,RESC1005X40,Digikey 311-150JDKR-ND,BOT,0,1314.96,1047.24
R2,150,RESC1005X40,Digikey 311-150JDKR-ND,BOT,0,1314.96,992.126
R3,80,RESC1005X40,Digikey 311-150JDKR-ND,BOT,0,1314.96,948.819
R4,1k,RESC1005X40,Digikey 311-150JDKR-ND,BOT,0,763.78,948.819
R5,1k,RESC1005X40,Digikey 311-150JDKR-ND,BOT,0,767.717,901.575
R6,1k,RESC1005X40,Digikey 311-150JDKR-ND,BOT,0,771.654,846.457
R7,1k,RESC1005X40,Digikey 311-150JDKR-ND,BOT,0,771.654,795.276
R8,1k,RESC1005X40,Digikey 311-150JDKR-ND,TOP,270,1267.72,259.843
R9,1k,RESC1005X40,Digikey 311-150JDKR-ND,TOP,270,1275.59,366.142
R10,1k,RESC1005X40,Digikey 311-150JDKR-ND,TOP,270,1637.8,444.882
R11,1k,RESC1005X40,Digikey 311-150JDKR-ND,TOP,90,1645.67,255.906
R12,1k,RESC1005X40,Digikey 311-150JDKR-ND,TOP,180,1535.43,145.669
